{
  "Hit@10": 0.995,
  "MRR@10": 0.8926388888888889,
  "nDCG@10": 0.9187311485528217
}