{
  "Hit@10": 1.0,
  "MRR@10": 0.8727142857142859,
  "nDCG@10": 0.9046322741908503
}