{
  "Hit@10": 0.985,
  "MRR@10": 0.8418869047619044,
  "nDCG@10": 0.877405968200412
}